timestamp,worker_id,heart_rate,body_temp,gas,ambient_temp,humidity,motion,risk
2026-04-01 11:36:05.213075,1,101,36.5,413,31.4,66,Normal,Critical
2026-04-01 11:36:05.214520,2,75,37.4,217,32.6,56,Normal,Warning
2026-04-01 11:36:05.214882,3,92,37.7,353,34.6,57,Normal,Critical
2026-04-01 11:36:07.244114,1,97,36.7,296,31.1,55,Normal,Critical
2026-04-01 11:36:07.244803,2,110,37.7,421,33.3,66,Normal,Critical
2026-04-01 11:36:07.245006,3,117,36.8,152,28.8,41,Normal,Critical
2026-04-01 11:36:09.260383,1,109,37.5,112,30.8,46,Normal,Critical
2026-04-01 11:36:09.261019,2,109,36.2,105,30.6,52,Fall Detected,Critical
2026-04-01 11:36:09.261624,3,96,37.2,314,26.1,76,Normal,Critical
2026-04-01 11:36:11.272922,1,73,36.9,157,29.2,43,Normal,Safe
2026-04-01 11:36:11.273485,2,62,37.4,245,31.8,41,Normal,Safe
2026-04-01 11:36:11.273659,3,96,37.8,214,29.7,44,Normal,Critical
2026-04-01 11:36:13.277617,1,127,37.4,141,28.9,51,Normal,Critical
2026-04-01 11:36:13.277931,2,63,37.5,328,27.3,80,Normal,Warning
2026-04-01 11:36:13.278104,3,118,36.0,106,32.7,70,Normal,Critical
2026-04-01 11:36:15.293456,1,101,36.9,477,27.6,50,Normal,Critical
2026-04-01 11:36:15.293769,2,122,36.7,177,33.4,64,Normal,Critical
2026-04-01 11:36:15.293956,3,81,37.9,284,32.4,60,Fall Detected,Critical
2026-04-01 11:36:17.302256,1,120,37.4,256,35.0,70,Normal,Critical
2026-04-01 11:36:17.303069,2,119,36.8,438,29.7,40,Normal,Critical
2026-04-01 11:36:17.303594,3,111,36.4,200,25.8,75,Normal,Critical
2026-04-01 11:36:19.314626,1,114,36.0,393,33.2,72,Normal,Critical
2026-04-01 11:36:19.315451,2,102,36.1,256,28.4,48,Fall Detected,Critical
2026-04-01 11:36:19.316296,3,63,37.1,292,25.4,66,Normal,Warning
2026-04-01 11:36:21.354515,1,117,36.7,330,32.9,48,Normal,Critical
2026-04-01 11:36:21.355728,2,83,37.4,355,31.6,53,Normal,Critical
2026-04-01 11:36:21.356601,3,64,37.8,247,28.5,61,Normal,Safe
2026-04-01 11:36:23.363744,1,81,36.9,334,30.8,54,Normal,Critical
2026-04-01 11:36:23.364628,2,115,36.4,171,29.7,41,Normal,Critical
2026-04-01 11:36:23.365381,3,71,37.2,392,30.1,71,Normal,Critical
2026-04-01 11:36:25.380583,1,108,36.2,457,30.8,56,Normal,Critical
2026-04-01 11:36:25.381271,2,84,36.5,263,29.6,70,Normal,Critical
2026-04-01 11:36:25.381869,3,102,36.1,173,28.0,65,Fall Detected,Critical
2026-04-01 11:36:27.391637,1,96,37.6,227,33.6,79,Normal,Critical
2026-04-01 11:36:27.392773,2,62,36.4,378,33.9,44,Normal,Warning
2026-04-01 11:36:27.393302,3,125,36.9,437,32.6,40,Normal,Critical
2026-04-01 11:36:29.404730,1,127,37.5,425,35.0,75,Normal,Critical
2026-04-01 11:36:29.406551,2,67,37.7,374,26.8,46,Normal,Critical
2026-04-01 11:36:29.407629,3,111,37.7,284,28.4,69,Fall Detected,Critical
2026-04-01 11:36:31.423024,1,73,37.1,266,31.6,62,Normal,Warning
2026-04-01 11:36:31.423456,2,82,37.0,166,31.4,53,Normal,Warning
2026-04-01 11:36:31.423903,3,111,36.4,426,29.0,70,Normal,Critical
2026-04-01 11:36:33.464247,1,125,36.3,127,31.2,71,Normal,Critical
2026-04-01 11:36:33.464690,2,82,37.5,306,26.9,79,Normal,Critical
2026-04-01 11:36:33.465026,3,69,36.5,433,27.7,46,Normal,Critical
2026-04-01 11:36:35.470122,1,60,37.8,137,27.6,80,Normal,Safe
2026-04-01 11:36:35.470458,2,63,36.4,242,27.3,59,Normal,Safe
2026-04-01 11:36:35.470902,3,108,36.2,152,32.6,69,Normal,Critical
2026-04-01 11:36:37.474380,1,71,36.9,210,31.2,66,Normal,Safe
2026-04-01 11:36:37.475023,2,113,36.9,190,28.0,40,Normal,Critical
2026-04-01 11:36:37.475504,3,105,37.1,333,31.1,40,Normal,Critical
2026-04-01 11:36:39.479988,1,85,36.4,306,26.1,65,Normal,Critical
2026-04-01 11:36:39.480969,2,78,37.6,181,32.9,40,Normal,Warning
2026-04-01 11:36:39.481603,3,122,37.9,374,27.5,65,Normal,Critical
2026-04-01 11:36:41.498016,1,105,37.5,137,26.8,77,Normal,Critical
2026-04-01 11:36:41.498347,2,125,37.4,251,26.5,44,Normal,Critical
2026-04-01 11:36:41.498686,3,104,36.5,357,29.7,60,Normal,Critical
2026-04-01 11:36:43.517099,1,92,37.3,374,26.1,71,Fall Detected,Critical
2026-04-01 11:36:43.517444,2,65,37.1,398,26.8,53,Normal,Critical
2026-04-01 11:36:43.517620,3,97,36.7,191,26.1,63,Normal,Critical
2026-04-01 11:36:45.523798,1,63,36.1,447,28.1,42,Normal,Critical
2026-04-01 11:36:45.585006,2,116,37.9,429,33.5,57,Normal,Critical
2026-04-01 11:36:45.585542,3,67,37.2,147,29.3,73,Normal,Safe
2026-04-01 11:36:47.599767,1,83,36.0,128,33.0,42,Normal,Safe
2026-04-01 11:36:47.600145,2,94,37.0,173,26.3,75,Normal,Warning
2026-04-01 11:36:47.600316,3,67,36.1,108,30.4,56,Normal,Safe
2026-04-01 11:36:49.601713,1,112,37.3,353,27.4,71,Normal,Critical
2026-04-01 11:36:49.602448,2,111,36.7,259,29.6,61,Normal,Critical
2026-04-01 11:36:49.603917,3,76,36.0,121,25.8,80,Normal,Safe
2026-04-01 11:36:51.616435,1,97,37.6,433,29.8,59,Normal,Critical
2026-04-01 11:36:51.616728,2,90,37.3,441,33.6,42,Normal,Critical
2026-04-01 11:36:51.616877,3,83,37.7,430,34.0,63,Normal,Critical
2026-04-01 11:36:54.227650,1,77,36.7,409,34.7,42,Normal,Critical
2026-04-01 11:36:54.228082,2,95,36.2,249,27.7,80,Fall Detected,Critical
2026-04-01 11:36:54.228359,3,129,37.9,480,28.3,49,Normal,Critical
2026-04-01 11:37:03.485333,1,75,37.7,107,30.5,49,Normal,Safe
2026-04-01 11:37:03.486486,2,61,36.4,137,30.4,66,Normal,Safe
2026-04-01 11:37:03.487103,3,102,37.9,264,33.6,53,Fall Detected,Critical
2026-04-01 11:37:05.503937,1,102,36.1,111,31.5,47,Normal,Warning
2026-04-01 11:37:05.504321,2,102,37.1,480,28.3,73,Normal,Critical
2026-04-01 11:37:05.504501,3,97,37.5,374,26.8,79,Normal,Critical
2026-04-01 11:37:07.519563,1,121,36.9,489,32.6,50,Normal,Critical
2026-04-01 11:37:07.520163,2,99,37.8,385,25.5,71,Normal,Critical
2026-04-01 11:37:07.520514,3,99,36.0,188,33.2,66,Normal,Critical
2026-04-01 11:37:09.532688,1,128,36.2,386,31.9,63,Normal,Critical
2026-04-01 11:37:09.533675,2,104,37.4,366,34.8,48,Normal,Critical
2026-04-01 11:37:09.533923,3,104,36.9,137,32.4,72,Normal,Critical
2026-04-01 11:37:11.536004,1,116,37.0,244,32.4,70,Normal,Critical
2026-04-01 11:37:11.536423,2,66,37.5,168,27.0,55,Fall Detected,Critical
2026-04-01 11:37:11.536891,3,122,36.3,332,26.2,71,Normal,Critical
2026-04-01 11:37:13.547686,1,127,37.4,403,28.0,56,Normal,Critical
2026-04-01 11:37:13.548050,2,118,37.2,395,26.5,41,Normal,Critical
2026-04-01 11:37:13.548792,3,119,36.7,297,31.1,68,Normal,Critical
2026-04-01 11:37:15.550317,1,104,36.6,104,28.2,63,Fall Detected,Critical
2026-04-01 11:37:15.550601,2,123,36.3,307,26.9,76,Normal,Critical
2026-04-01 11:37:15.550802,3,103,36.1,351,31.8,66,Normal,Critical
2026-04-01 11:37:17.560189,1,100,37.4,354,26.1,64,Normal,Critical
2026-04-01 11:37:17.560649,2,61,37.6,406,26.7,41,Normal,Warning
2026-04-01 11:37:17.560887,3,79,36.5,199,32.4,53,Normal,Warning
2026-04-01 11:37:19.564796,1,106,36.1,331,33.6,41,Normal,Critical
2026-04-01 11:37:19.565265,2,108,37.8,238,29.6,63,Normal,Critical
2026-04-01 11:37:19.565462,3,70,36.8,110,27.3,78,Normal,Safe
2026-04-01 11:37:21.572836,1,85,36.7,387,32.7,62,Normal,Critical
2026-04-01 11:37:21.573150,2,96,37.2,472,29.7,68,Normal,Critical
2026-04-01 11:37:21.573873,3,89,37.3,493,25.2,65,Normal,Critical
2026-04-01 11:37:23.586249,1,113,36.6,170,25.2,62,Normal,Critical
2026-04-01 11:37:23.586667,2,80,36.6,297,29.1,58,Normal,Critical
2026-04-01 11:37:23.588288,3,115,37.0,448,29.8,50,Normal,Critical
2026-04-01 11:39:20.650266,1,60,37.5,131,28.2,44,Fall Detected,Critical
2026-04-01 11:39:20.651681,2,73,36.9,376,25.5,49,Normal,Critical
2026-04-01 11:39:20.651908,3,128,37.7,274,25.6,43,Normal,Critical
2026-04-01 11:39:22.665087,1,122,37.7,243,25.3,74,Normal,Critical
2026-04-01 11:39:22.665842,2,63,36.5,305,30.5,49,Normal,Warning
2026-04-01 11:39:22.666493,3,79,36.2,283,28.5,41,Normal,Warning
2026-04-01 11:39:24.673269,1,99,37.4,418,32.1,51,Normal,Critical
2026-04-01 11:39:24.673952,2,124,36.1,126,26.2,58,Normal,Critical
2026-04-01 11:39:24.674485,3,102,36.2,350,34.3,45,Normal,Critical
2026-04-01 11:39:26.690728,1,102,37.3,405,29.3,76,Normal,Critical
2026-04-01 11:39:26.691359,2,87,36.0,339,25.3,42,Fall Detected,Critical
2026-04-01 11:39:26.692009,3,103,37.0,385,28.4,74,Normal,Critical
2026-04-01 11:39:28.698585,1,97,36.6,428,32.6,53,Normal,Critical
2026-04-01 11:39:28.699395,2,96,36.3,197,25.8,78,Normal,Critical
2026-04-01 11:39:28.764742,3,87,37.2,264,28.5,59,Normal,Critical
2026-04-01 11:39:30.778053,1,91,36.9,168,32.8,59,Normal,Warning
2026-04-01 11:39:30.778782,2,70,37.2,371,34.9,79,Normal,Critical
2026-04-01 11:39:30.779299,3,125,36.0,410,28.3,50,Normal,Critical
2026-04-01 11:39:32.781147,1,117,37.8,107,32.6,76,Normal,Critical
2026-04-01 11:39:32.781823,2,130,36.9,301,30.0,46,Normal,Critical
2026-04-01 11:39:32.782269,3,66,37.0,475,27.7,79,Normal,Critical
2026-04-01 11:39:34.793342,1,105,37.7,279,30.7,73,Normal,Critical
2026-04-01 11:39:34.793930,2,67,36.9,166,31.6,64,Normal,Safe
2026-04-01 11:39:34.794224,3,70,36.4,130,29.2,65,Normal,Safe
2026-04-01 11:39:36.796031,1,81,36.8,408,33.5,69,Normal,Critical
2026-04-01 11:39:36.797225,2,79,36.9,171,33.1,50,Normal,Safe
2026-04-01 11:39:36.797833,3,76,37.8,436,29.3,57,Fall Detected,Critical
2026-04-01 11:39:38.805378,1,67,36.2,490,32.3,61,Normal,Critical
2026-04-01 11:39:38.805824,2,109,36.4,349,27.9,62,Normal,Critical
2026-04-01 11:39:38.806155,3,109,37.7,386,25.1,55,Fall Detected,Critical
2026-04-01 11:39:40.818011,1,118,36.6,277,33.3,62,Normal,Critical
2026-04-01 11:39:40.818833,2,82,37.7,448,29.1,43,Fall Detected,Critical
2026-04-01 11:39:40.819341,3,116,37.8,159,27.0,57,Normal,Critical
2026-04-01 11:39:42.835773,1,119,37.5,425,28.1,54,Fall Detected,Critical
2026-04-01 11:39:42.836835,2,98,36.9,373,29.2,74,Fall Detected,Critical
2026-04-01 11:39:42.837415,3,68,37.7,136,32.8,45,Normal,Safe
2026-04-01 11:39:43.851742,1,92,38.0,470,34.1,57,Normal,Critical
2026-04-01 11:39:43.852368,2,114,36.2,351,25.2,63,Normal,Critical
2026-04-01 11:39:43.852788,3,128,36.4,328,32.8,40,Normal,Critical
2026-04-01 11:39:44.838772,1,115,36.6,164,33.0,57,Normal,Critical
2026-04-01 11:39:44.839407,2,101,36.2,276,25.6,45,Normal,Critical
2026-04-01 11:39:44.839872,3,82,36.7,411,33.8,50,Normal,Critical
2026-04-01 11:39:45.863008,1,112,36.2,350,27.4,41,Normal,Critical
2026-04-01 11:39:45.863829,2,120,36.5,358,28.8,42,Normal,Critical
2026-04-01 11:39:45.864489,3,117,37.7,169,30.4,44,Normal,Critical
2026-04-01 11:39:47.870007,1,92,37.0,435,27.6,64,Normal,Critical
2026-04-01 11:39:47.870807,2,67,37.6,260,26.1,44,Normal,Warning
2026-04-01 11:39:47.871374,3,63,37.3,477,27.1,79,Normal,Critical
2026-04-01 11:39:49.886647,1,88,37.7,407,34.6,71,Normal,Critical
2026-04-01 11:39:49.887276,2,68,37.8,261,29.0,77,Normal,Warning
2026-04-01 11:39:49.887649,3,82,37.6,472,31.3,49,Normal,Critical
2026-04-01 11:39:51.900516,1,71,36.6,464,26.5,63,Normal,Critical
2026-04-01 11:39:51.901254,2,75,36.4,462,33.9,79,Normal,Critical
2026-04-01 11:39:51.901693,3,116,37.5,495,27.7,68,Normal,Critical
2026-04-01 11:39:53.903004,1,92,36.2,271,30.5,56,Normal,Critical
2026-04-01 11:39:53.903377,2,97,37.4,330,28.3,59,Normal,Critical
2026-04-01 11:39:53.903624,3,72,36.1,172,28.7,59,Normal,Safe
2026-04-01 11:39:55.907762,1,84,37.3,380,28.4,65,Normal,Critical
2026-04-01 11:39:55.908261,2,121,37.5,292,34.9,43,Normal,Critical
2026-04-01 11:39:55.908563,3,94,37.1,124,32.2,47,Fall Detected,Critical
2026-04-01 11:39:57.911028,1,87,37.7,428,27.3,51,Fall Detected,Critical
2026-04-01 11:39:57.911677,2,102,37.7,294,27.0,62,Normal,Critical
2026-04-01 11:39:57.912266,3,80,36.7,147,31.2,51,Normal,Safe
2026-04-01 11:39:59.923444,1,88,37.2,356,33.3,45,Normal,Critical
2026-04-01 11:39:59.923947,2,88,36.9,216,25.7,54,Normal,Warning
2026-04-01 11:39:59.924254,3,125,37.0,275,25.6,70,Normal,Critical
2026-04-01 11:40:01.929486,1,96,37.3,308,34.6,49,Normal,Critical
2026-04-01 11:40:01.930397,2,80,36.5,245,33.3,63,Normal,Warning
2026-04-01 11:40:01.931022,3,108,36.4,297,32.8,47,Normal,Critical
2026-04-01 11:40:03.933858,1,104,36.9,175,25.2,51,Fall Detected,Critical
2026-04-01 11:40:03.934407,2,62,37.4,470,33.9,54,Normal,Critical
2026-04-01 11:40:03.935221,3,105,36.8,148,25.9,52,Normal,Critical
2026-04-01 11:40:05.942786,1,128,37.9,255,29.7,53,Normal,Critical
2026-04-01 11:40:05.943347,2,86,37.2,192,28.8,65,Normal,Warning
2026-04-01 11:40:05.944208,3,112,36.5,272,33.1,42,Fall Detected,Critical
2026-04-01 11:40:06.367799,1,115,37.0,249,27.8,76,Normal,Critical
2026-04-01 11:40:08.048190,1,72,37.3,317,32.8,67,Normal,Warning
2026-04-01 11:40:10.033545,1,103,36.1,109,29.7,59,Normal,Warning
2026-04-01 11:40:12.041510,1,73,37.5,460,30.9,57,Fall Detected,Critical
2026-04-01 11:40:14.044311,1,78,37.3,414,32.9,76,Normal,Critical
2026-04-01 11:40:16.033017,2,91,37.0,248,32.7,64,Normal,Critical
2026-04-01 11:40:18.031749,2,96,37.1,198,26.3,60,Normal,Critical
2026-04-01 11:40:20.040378,2,87,37.1,199,34.5,46,Normal,Warning
2026-04-01 11:40:22.048575,2,99,37.0,429,34.6,43,Normal,Critical
2026-04-01 11:40:24.034040,3,113,36.2,320,25.8,66,Fall Detected,Critical
2026-04-01 11:40:30.674074,1,74,36.8,414,26.4,62,Normal,Critical
2026-04-01 11:40:30.674390,2,76,37.2,147,30.6,70,Normal,Safe
2026-04-01 11:40:30.674570,3,109,37.6,247,30.8,42,Normal,Critical
2026-04-01 11:40:32.691643,1,98,36.2,349,32.5,41,Normal,Critical
2026-04-01 11:40:32.692000,2,113,36.2,392,25.1,78,Normal,Critical
2026-04-01 11:40:32.692242,3,74,36.1,125,29.9,80,Normal,Safe
2026-04-01 11:43:20.806503,1,84,37.2,111,30.4,59,Normal,Safe
2026-04-01 11:43:20.809157,2,70,37.4,327,30.2,72,Normal,Warning
2026-04-01 11:43:20.812682,3,89,37.1,331,28.3,70,Normal,Critical
2026-04-01 11:43:22.830297,1,119,37.7,490,29.6,68,Normal,Critical
2026-04-01 11:43:22.830783,2,129,36.1,256,30.4,59,Normal,Critical
2026-04-01 11:43:22.831221,3,85,36.1,142,27.1,66,Normal,Warning
2026-04-01 11:43:24.845003,1,82,36.4,101,30.9,67,Normal,Safe
2026-04-01 11:43:24.845693,2,63,36.3,181,33.7,76,Normal,Safe
2026-04-01 11:43:24.846264,3,73,37.4,281,33.0,53,Normal,Warning
2026-04-01 11:43:26.852469,1,99,36.1,155,32.5,54,Fall Detected,Critical
2026-04-01 11:43:26.852960,2,97,37.8,131,27.1,51,Normal,Warning
2026-04-01 11:43:26.853475,3,73,36.9,338,28.5,64,Normal,Critical
2026-04-01 11:43:28.864599,1,90,37.3,405,29.0,71,Normal,Critical
2026-04-01 11:43:28.865543,2,98,37.2,243,34.5,63,Normal,Critical
2026-04-01 11:43:28.866277,3,74,36.8,444,26.7,57,Normal,Critical
2026-04-01 11:43:30.869752,1,119,37.9,380,29.6,42,Normal,Critical
2026-04-01 11:43:30.870691,2,73,37.8,135,31.2,73,Normal,Safe
2026-04-01 11:43:30.871429,3,110,38.0,249,25.8,72,Normal,Critical
2026-04-01 11:43:32.880544,1,113,36.6,207,33.8,61,Normal,Critical
2026-04-01 11:43:32.881118,2,91,38.0,245,30.6,45,Normal,Critical
2026-04-01 11:43:32.881562,3,125,37.2,318,30.0,40,Normal,Critical
2026-04-01 11:43:34.888538,1,70,36.5,413,30.1,77,Fall Detected,Critical
2026-04-01 11:43:34.889395,2,92,36.9,285,27.2,45,Normal,Critical
2026-04-01 11:43:34.890582,3,87,37.2,255,27.1,45,Normal,Critical
2026-04-01 11:43:36.904249,1,74,36.6,475,30.5,54,Normal,Critical
2026-04-01 11:43:36.904565,2,105,36.4,110,27.9,45,Normal,Warning
2026-04-01 11:43:36.904760,3,80,37.4,366,32.4,75,Normal,Critical
2026-04-01 11:43:38.911406,1,66,37.8,252,29.5,59,Normal,Safe
2026-04-01 11:43:38.911692,2,103,36.8,263,33.8,69,Normal,Critical
2026-04-01 11:43:38.911852,3,108,36.3,487,31.1,46,Normal,Critical
2026-04-01 11:43:40.918515,1,84,37.3,196,33.3,47,Normal,Warning
2026-04-01 11:43:40.919632,2,100,36.8,230,26.8,78,Normal,Critical
2026-04-01 11:43:40.920678,3,76,37.0,435,31.4,66,Normal,Critical
2026-04-01 11:43:42.936073,1,122,37.3,166,27.8,51,Normal,Critical
2026-04-01 11:43:42.936819,2,93,37.1,295,29.3,46,Normal,Critical
2026-04-01 11:43:42.937394,3,99,37.4,420,33.0,41,Normal,Critical
2026-04-01 11:43:44.947638,1,72,36.8,398,30.5,79,Normal,Critical
2026-04-01 11:43:44.947933,2,72,37.5,396,29.5,43,Normal,Critical
2026-04-01 11:43:44.948102,3,68,37.0,171,34.7,51,Normal,Safe
2026-04-01 11:43:46.956985,1,92,37.9,481,34.8,59,Normal,Critical
2026-04-01 11:43:46.957324,2,83,37.4,455,32.1,57,Normal,Critical
2026-04-01 11:43:46.957785,3,85,37.9,181,26.1,52,Normal,Warning
2026-04-01 11:43:48.969245,1,92,37.9,108,27.4,62,Normal,Warning
2026-04-01 11:43:48.969867,2,88,37.4,335,34.9,54,Normal,Critical
2026-04-01 11:43:48.971450,3,68,37.0,210,34.0,68,Normal,Safe
2026-04-01 11:43:50.984568,1,89,37.1,191,30.0,69,Normal,Warning
2026-04-01 11:43:50.985172,2,66,37.9,278,33.7,44,Normal,Warning
2026-04-01 11:43:50.986786,3,68,37.0,261,26.3,41,Normal,Warning
2026-04-01 11:43:52.988951,1,94,36.8,171,34.4,61,Normal,Warning
2026-04-01 11:43:52.989850,2,103,36.7,455,31.3,66,Normal,Critical
2026-04-01 11:43:52.990750,3,64,36.3,364,26.5,50,Normal,Warning
2026-04-01 11:43:54.997028,1,114,37.1,289,34.4,78,Normal,Critical
2026-04-01 11:43:54.997950,2,106,36.1,490,32.3,53,Fall Detected,Critical
2026-04-01 11:43:54.998806,3,108,36.4,490,30.0,70,Normal,Critical
2026-04-01 11:43:57.015098,1,60,37.4,279,33.0,55,Normal,Safe
2026-04-01 11:43:57.015716,2,71,36.1,140,30.6,47,Normal,Safe
2026-04-01 11:43:57.016358,3,78,36.2,417,33.1,45,Normal,Critical
2026-04-01 11:43:59.027711,1,105,36.8,253,27.4,61,Normal,Critical
2026-04-01 11:43:59.028397,2,64,36.9,427,32.4,63,Normal,Critical
2026-04-01 11:43:59.029063,3,94,37.6,190,30.4,75,Normal,Warning
2026-04-01 11:44:01.032686,1,124,37.6,270,34.5,63,Normal,Critical
2026-04-01 11:44:01.033463,2,110,37.0,314,33.2,62,Normal,Critical
2026-04-01 11:44:01.033869,3,89,37.4,300,34.6,47,Normal,Critical
2026-04-01 11:44:03.046860,1,115,36.5,264,26.2,60,Normal,Critical
2026-04-01 11:44:03.047556,2,78,36.6,253,31.3,76,Normal,Warning
2026-04-01 11:44:03.047963,3,105,37.6,413,34.3,61,Normal,Critical
2026-04-01 11:44:04.257966,2,69,37.7,289,30.4,72,Normal,Warning
2026-04-01 11:44:04.396593,2,65,37.0,331,28.5,77,Normal,Warning
2026-04-01 11:44:05.049525,1,63,37.7,483,33.4,77,Normal,Critical
2026-04-01 11:44:05.050182,2,115,37.4,274,29.2,63,Normal,Critical
2026-04-01 11:44:05.050686,3,73,37.9,487,27.0,70,Normal,Critical
2026-04-01 11:44:06.207384,2,73,36.5,227,25.2,59,Normal,Warning
2026-04-01 11:44:08.214142,2,94,37.8,225,33.0,60,Normal,Critical
2026-04-01 11:44:10.208951,1,68,36.4,237,27.2,61,Normal,Safe
2026-04-01 11:44:12.216030,1,64,37.2,234,32.7,77,Normal,Safe
2026-04-01 11:44:12.917564,1,95,37.4,261,26.6,41,Normal,Critical
2026-04-01 11:44:12.918008,2,90,36.6,225,34.8,52,Normal,Critical
2026-04-01 11:44:12.918350,3,123,37.8,459,31.4,68,Normal,Critical
2026-04-01 11:44:14.923298,1,123,36.1,280,34.8,78,Normal,Critical
2026-04-01 11:44:14.924496,2,111,36.6,128,32.3,62,Normal,Critical
2026-04-01 11:44:14.925298,3,90,37.9,303,28.1,80,Normal,Critical
2026-04-01 11:44:17.651982,1,68,36.7,406,27.4,61,Normal,Critical
2026-04-01 11:44:17.652889,2,119,37.4,124,30.9,62,Fall Detected,Critical
2026-04-01 11:44:17.653619,3,83,36.2,188,28.6,75,Normal,Warning
2026-04-01 11:44:18.737472,1,109,36.4,301,31.9,55,Normal,Critical
2026-04-01 11:44:19.668940,1,98,37.6,347,31.0,51,Normal,Critical
2026-04-01 11:44:19.669868,2,112,37.3,294,25.6,55,Normal,Critical
2026-04-01 11:44:19.670682,3,90,37.7,462,31.4,73,Normal,Critical
2026-04-01 11:44:20.723279,1,91,37.7,128,34.1,72,Fall Detected,Critical
2026-04-01 11:44:22.723971,1,71,37.5,405,33.8,67,Normal,Critical
2026-04-01 11:44:24.730360,1,80,37.7,121,33.8,62,Normal,Safe
2026-04-01 11:44:26.739492,1,64,36.6,285,27.3,69,Fall Detected,Critical
2026-04-01 11:44:28.734819,1,127,36.5,198,32.3,51,Normal,Critical
2026-04-01 11:44:30.724427,1,102,36.2,294,32.6,71,Normal,Critical
2026-04-01 11:44:32.731778,1,127,37.3,468,28.6,45,Normal,Critical
2026-04-01 11:44:35.010816,1,85,37.2,475,25.9,48,Normal,Critical
2026-04-01 11:44:37.015421,1,86,37.2,471,33.2,51,Normal,Critical
2026-04-01 11:44:39.013783,1,77,36.6,196,28.0,79,Normal,Warning
2026-04-01 11:44:41.035695,1,83,36.6,188,31.8,43,Normal,Warning
2026-04-01 11:44:43.016640,1,78,38.0,179,30.3,46,Fall Detected,Critical
2026-04-01 11:44:45.014446,1,118,37.7,352,28.9,52,Normal,Critical
2026-04-01 11:44:47.018889,1,86,37.9,448,30.3,41,Fall Detected,Critical
2026-04-01 11:44:49.013191,1,74,37.0,207,31.3,70,Normal,Warning
2026-04-01 11:44:51.012498,1,63,36.9,156,26.8,76,Normal,Safe
2026-04-01 11:44:53.016068,1,106,37.8,125,28.9,45,Normal,Critical
2026-04-01 11:44:55.005210,1,108,36.7,448,28.4,50,Normal,Critical
2026-04-01 11:44:56.730458,1,98,37.2,499,31.7,61,Normal,Critical
2026-04-01 11:44:59.013512,1,119,37.2,408,32.8,50,Fall Detected,Critical
2026-04-01 11:45:01.009175,1,70,37.9,493,28.9,71,Normal,Critical
2026-04-01 11:45:03.012046,1,91,37.0,348,32.2,50,Normal,Critical
2026-04-01 11:45:05.008330,1,101,37.8,177,33.5,76,Normal,Critical
2026-04-01 11:45:06.728599,1,123,37.3,228,27.8,76,Normal,Critical
2026-04-01 11:45:09.011834,1,80,37.7,294,30.9,71,Fall Detected,Critical
2026-04-01 11:45:11.007793,1,122,36.1,409,33.8,77,Normal,Critical
2026-04-01 11:45:12.728050,1,110,37.4,283,26.3,80,Normal,Critical
2026-04-01 11:45:14.738244,1,119,36.6,324,25.2,59,Normal,Critical
2026-04-01 11:45:16.725493,1,75,36.8,286,34.5,72,Normal,Warning
2026-04-01 11:45:18.730950,1,91,36.9,211,29.5,53,Normal,Warning
2026-04-01 11:45:20.731656,1,102,37.3,145,27.7,61,Fall Detected,Critical
2026-04-01 11:45:22.723038,1,108,38.0,404,25.8,58,Normal,Critical
2026-04-01 11:45:24.726407,1,66,36.9,197,26.8,49,Normal,Safe
2026-04-01 11:45:26.727471,1,124,37.8,483,33.4,52,Normal,Critical
2026-04-01 11:45:28.727704,1,74,37.2,340,34.4,56,Normal,Critical
2026-04-01 11:45:30.729003,1,70,36.5,204,32.3,44,Normal,Safe
2026-04-01 11:45:32.732401,1,117,37.2,224,31.1,77,Normal,Critical
2026-04-01 11:45:34.728796,1,98,36.5,437,32.6,71,Normal,Critical
2026-04-01 11:45:36.741030,1,103,36.1,405,32.2,70,Fall Detected,Critical
2026-04-01 11:45:38.727269,1,115,37.8,241,27.4,54,Normal,Critical
2026-04-01 11:45:40.731141,1,123,37.4,439,25.4,42,Fall Detected,Critical
2026-04-01 11:45:42.728722,1,84,37.8,216,32.1,48,Normal,Warning
2026-04-01 11:45:44.737503,1,68,36.4,298,31.4,65,Normal,Warning
2026-04-01 11:45:46.724275,1,106,37.8,357,26.7,63,Normal,Critical
2026-04-01 11:45:49.001197,1,101,37.9,399,32.0,63,Fall Detected,Critical
2026-04-01 11:45:51.017907,1,98,36.7,207,33.0,44,Normal,Critical
2026-04-01 11:45:53.015510,1,107,37.3,154,27.7,48,Normal,Critical
2026-04-01 11:45:55.006456,1,129,37.9,347,34.3,45,Normal,Critical
2026-04-01 11:45:57.004038,1,123,36.2,121,30.1,65,Normal,Critical
2026-04-01 11:45:59.003691,1,119,37.8,114,32.1,55,Normal,Critical
2026-04-01 11:46:01.011519,1,76,37.2,370,32.7,80,Normal,Critical
2026-04-01 11:46:03.006367,1,77,37.4,354,31.6,74,Normal,Critical
2026-04-01 11:46:05.012635,1,127,37.8,291,33.4,64,Normal,Critical
2026-04-01 11:46:07.010055,1,129,36.8,468,34.8,55,Normal,Critical
2026-04-01 11:46:09.003796,1,108,37.7,217,30.4,80,Normal,Critical
2026-04-01 11:46:11.011784,1,124,37.5,305,30.4,65,Normal,Critical
2026-04-01 11:46:13.016453,1,60,38.0,107,25.2,56,Fall Detected,Critical
2026-04-01 11:46:15.015929,1,90,36.3,378,32.9,77,Normal,Critical
2026-04-01 11:46:17.009798,1,118,36.1,247,31.7,79,Normal,Critical
2026-04-01 11:46:19.004313,1,101,37.4,431,30.7,75,Normal,Critical
2026-04-01 11:46:21.005963,1,82,36.7,296,32.5,54,Normal,Critical
2026-04-01 11:46:23.007949,1,130,37.1,422,30.0,52,Normal,Critical
2026-04-01 11:46:25.017995,1,123,37.0,405,26.7,68,Normal,Critical
2026-04-01 11:46:27.003850,1,89,37.4,288,29.2,63,Normal,Critical
2026-04-01 11:46:29.013505,1,124,37.9,431,33.0,50,Fall Detected,Critical
2026-04-01 11:46:31.012857,1,76,37.7,269,28.0,62,Normal,Warning
2026-04-01 11:46:33.009353,1,95,36.9,166,34.1,59,Normal,Warning
2026-04-01 11:46:35.018508,1,61,37.7,361,29.0,41,Normal,Warning
2026-04-01 11:46:37.008393,1,101,37.6,330,34.5,41,Normal,Critical
2026-04-01 11:46:39.013002,1,69,36.1,440,26.3,48,Fall Detected,Critical
2026-04-01 11:46:41.006799,1,130,36.2,259,30.9,69,Normal,Critical
2026-04-01 11:46:43.006093,1,114,36.8,115,31.3,55,Normal,Critical
2026-04-01 11:46:45.006177,1,118,37.6,382,33.5,51,Fall Detected,Critical
2026-04-01 11:46:47.012268,1,80,36.7,437,27.2,67,Normal,Critical
2026-04-01 11:47:36.348218,1,88,36.9,393,31.2,65,Normal,Critical
2026-04-01 11:48:02.264696,1,118,36.7,473,33.3,40,Normal,Critical
2026-04-01 11:48:02.725921,1,66,36.6,455,25.5,78,Normal,Critical
2026-04-01 11:48:04.729110,1,78,37.7,132,34.8,51,Normal,Safe
2026-04-01 11:48:07.001414,1,120,37.0,402,26.2,56,Normal,Critical
2026-04-01 11:48:09.019340,1,70,36.3,170,26.7,47,Normal,Safe
2026-04-01 11:48:11.018903,1,66,37.6,246,30.7,64,Normal,Safe
2026-04-01 11:48:13.018613,1,120,37.2,425,26.9,63,Normal,Critical
2026-04-01 11:48:15.016651,1,109,37.9,489,28.4,66,Normal,Critical
2026-04-01 11:48:17.009392,1,79,37.4,266,32.4,43,Normal,Warning
2026-04-01 11:48:19.008757,1,75,37.4,369,31.2,69,Fall Detected,Critical
2026-04-01 11:48:21.006332,1,68,36.3,394,33.8,40,Normal,Critical
2026-04-01 11:48:23.017529,1,114,36.9,263,29.3,76,Normal,Critical
2026-04-01 11:48:25.017838,1,66,37.3,100,27.6,77,Fall Detected,Critical
2026-04-01 11:48:27.005718,1,114,36.8,216,27.2,54,Normal,Critical
2026-04-01 11:48:29.007824,1,99,37.9,207,29.9,77,Normal,Critical
2026-04-01 11:48:31.005560,1,103,36.2,414,27.2,55,Normal,Critical
2026-04-01 11:48:33.011088,1,123,37.2,143,29.2,77,Normal,Critical
2026-04-01 11:48:35.002585,1,116,37.0,160,33.4,48,Normal,Critical
2026-04-01 11:48:37.008813,1,91,37.0,137,32.3,55,Normal,Warning
2026-04-01 11:48:39.008604,1,85,36.2,447,34.8,49,Normal,Critical
2026-04-01 11:48:41.014644,1,80,36.7,412,34.1,48,Normal,Critical
2026-04-01 11:48:43.005594,1,103,36.1,184,31.4,46,Normal,Critical
2026-04-01 11:48:45.010874,1,63,36.9,238,30.3,63,Normal,Safe
2026-04-01 11:48:47.017427,1,115,36.9,169,32.1,47,Normal,Critical
2026-04-01 11:48:49.003205,1,91,37.5,301,29.1,63,Normal,Critical
2026-04-01 11:48:51.018790,1,73,36.6,172,29.8,74,Normal,Safe
2026-04-01 11:48:53.011364,1,108,36.2,153,33.1,45,Normal,Critical
2026-04-01 11:48:55.017400,1,86,36.5,300,34.2,79,Normal,Critical
2026-04-01 11:48:57.016670,1,64,37.8,175,25.4,79,Fall Detected,Critical
2026-04-01 11:48:59.012018,1,100,37.7,166,26.3,53,Normal,Critical
2026-04-01 11:49:01.006063,1,89,36.8,471,27.7,72,Normal,Critical
2026-04-01 11:49:03.009345,1,67,37.0,304,33.6,73,Normal,Warning
2026-04-01 11:49:05.015162,1,114,36.1,294,27.4,61,Normal,Critical
2026-04-01 11:49:36.321384,1,123,36.1,280,30.5,53,Normal,Critical
2026-04-01 11:50:25.150821,1,111,36.5,224,26.3,64,Fall Detected,Critical
2026-04-01 11:50:26.724553,1,82,37.7,454,28.5,62,Normal,Critical
2026-04-01 11:50:28.726038,1,62,36.6,206,26.3,55,Normal,Safe
2026-04-01 11:50:30.329095,1,88,36.9,180,27.7,46,Normal,Warning
2026-04-01 11:50:30.329828,2,90,37.6,465,26.7,71,Normal,Critical
2026-04-01 11:50:30.330269,3,78,36.9,191,25.8,43,Normal,Warning
2026-04-01 11:50:32.338033,1,111,37.5,182,25.9,59,Normal,Critical
2026-04-01 11:50:32.338805,2,64,36.7,445,33.5,57,Normal,Critical
2026-04-01 11:50:32.339328,3,117,37.9,206,25.1,77,Normal,Critical
2026-04-01 11:50:34.349942,1,69,37.0,483,31.3,50,Normal,Critical
2026-04-01 11:50:34.350670,2,65,36.4,135,25.8,46,Normal,Safe
2026-04-01 11:50:34.351301,3,90,37.1,310,26.5,52,Normal,Critical
2026-04-01 11:50:36.358073,1,84,36.3,187,28.5,51,Normal,Warning
2026-04-01 11:50:36.358541,2,119,37.1,486,32.9,78,Fall Detected,Critical
2026-04-01 11:50:36.358897,3,72,37.6,498,32.4,49,Normal,Critical
2026-04-01 11:50:36.581169,1,125,36.3,175,26.1,64,Normal,Critical
2026-04-01 11:50:36.581869,2,91,37.5,341,31.2,64,Normal,Critical
2026-04-01 11:50:36.582521,3,130,37.1,142,29.1,61,Normal,Critical
2026-04-01 11:50:38.598496,1,69,36.2,235,34.4,50,Normal,Safe
2026-04-01 11:50:38.599250,2,91,37.6,411,26.2,41,Normal,Critical
2026-04-01 11:50:38.599688,3,79,37.2,231,32.7,79,Normal,Warning
2026-04-01 11:50:40.109521,1,118,36.9,329,29.8,54,Normal,Critical
2026-04-01 11:50:40.110432,2,119,36.0,391,31.7,66,Normal,Critical
2026-04-01 11:50:40.111597,3,112,36.6,153,33.2,62,Normal,Critical
2026-04-01 11:50:42.120178,1,69,37.9,325,26.4,75,Normal,Warning
2026-04-01 11:50:42.121451,2,73,36.7,311,31.0,78,Normal,Warning
2026-04-01 11:50:42.122298,3,112,37.1,143,30.1,77,Fall Detected,Critical
2026-04-01 11:50:43.247205,1,89,37.1,101,33.0,54,Normal,Safe
2026-04-01 11:50:44.931027,1,72,37.8,475,33.7,49,Normal,Critical
2026-04-01 11:50:46.938784,1,116,37.0,387,31.3,72,Normal,Critical
2026-04-01 11:50:48.937695,1,104,36.9,102,33.8,50,Normal,Warning
2026-04-01 11:50:50.932719,1,81,36.7,247,34.1,80,Normal,Warning
2026-04-01 11:50:52.945227,2,78,36.9,393,33.2,52,Normal,Critical
2026-04-01 11:50:54.943954,2,78,37.1,262,32.0,78,Normal,Warning
2026-04-01 11:50:56.725362,1,86,36.9,413,27.0,54,Fall Detected,Critical
2026-04-01 11:50:56.727015,2,107,37.4,302,25.5,60,Normal,Critical
2026-04-01 11:50:56.728075,3,119,37.4,448,32.5,57,Normal,Critical
2026-04-01 11:50:58.743243,1,68,38.0,102,27.3,58,Normal,Safe
2026-04-01 11:50:58.743791,2,120,37.6,414,32.7,50,Normal,Critical
2026-04-01 11:50:58.744024,3,73,36.6,276,27.3,59,Normal,Warning
2026-04-01 11:51:00.745202,1,75,36.6,415,29.8,66,Normal,Critical
2026-04-01 11:51:00.746343,2,79,37.7,249,26.8,77,Normal,Warning
2026-04-01 11:51:00.747230,3,69,37.5,341,34.5,45,Fall Detected,Critical
